{
	"WND.Network.Search.Title" : "Waiting For Network...",
    "WND.Unfreeze.Title" : "Waiting to Unlock...",
	"WND.Troubleshoot.Key" : "Troubleshooting",
	"WND.updateRequired.message" : "Tap 'Update' to continue",
	"WND.general.update" : "Update",
	"WND.StoresScreen.Title" : "Stores",
	"WND.updateRequired.title" : "Update Required",
	"WND.UpdateFailed.title" : "Update Failed",
	"WND.Locales.Title" : "Region and Language",
	"WND.Store.Key" : "Store",
	"WND.Country.Key" : "Country",
	"WND.Retry.Title" : "Retry",
	"WND.Quit.Title" : "Quit",
    "WND.AreYouSure.ClearCache" : "This action will remove all previously downloaded content from this device.  If you continue the next time you configure the sign will download everything again.  Are you sure you want to do that?",
    "WND.AreYouSure.StatusCheck" : "This action will force the sign to check for new content.  Are you sure you want to do that?",
    "WND.AreYouSure.ContentRefresh" : "This action will refresh the content, reloading all content from the local copy.  Are you sure you want to do that?",
    "WND.AreYouSure.Logout" : "This action will logout the current user and return you to the log in screen.  Are you sure you want to do that?",
    "WND.AreYouSure.Quit" : "This action will close the application returning you to the home screen.  Are you sure you want to do that?",
    "WND.AreYouSure.RemoveProfile" : "This action will remove the management profile from this device.  Are you sure you want to do that?",
    "WND.AreYouSure.InstallProfile" : "This action will install the management profile on this device.  Are you sure you want to do that?",
	"WND.AreYouSure.Freeze" : "This action will lock the device with the current settings. Are you sure you want to do that?",
	"WND.AreYouSure.Unfreeze" : "This action will unlock the device and any changes done in that state will be frozen the next time device is locked. Are you sure you want to do that?",
	"WND.Yes" : "Yes",
	"WND.No" : "No",
	"WND.NA" : "N/A",
	"WND.Searching.Title" : "Searching...",
	"WND.Connection.Error.Message.Key" : "Error while connecting to the selected Mac. Please try again.",
	"WND.Download.Error.Title" : "Error Downloading Content",
	"WND.Download.Error.Message" : "Please try again.  If the issue persists, please contact the helpline.",
	"WND.Download.Error.OK" : "OK",
	"WND.Download.Content" : "Download",
    "WND.Downloading.Videos" : "Downloading Videos",
    "WND.Downloading.Content" : "Downloading Content",
    "WND.Error.Title" : "Error",
	"WND.Error.InvalidPin" : "PIN Mismatch",
	"WND.Error.InvalidPin.Message.Key" : "Make sure the PIN entered on the Mac matches the PIN entered here.",
	"WND.Error.FileNotFoundOnServer.Message" : "There was an error while downloading. Please try again.",
	"WND.Error.FileNotFoundOnServer.Title" : "Download Error",
	"WND.AuthenticationFailAlert.Title" : "Authentication Failed",
	"WND.AuthenticationFailAlert.Message" : "You are not authorized to log in to this app, please contact the helpline.",
    "WND.VersionFetchFailed.title" : "Please contact the helpline.",
	"WND.Sideload.Passcode.Title" : "Enter PIN",
	"WND.Download.Key" : "Download",
	"WND.BundleName" : "Bundle Name",
    "WND.AvenueBundleIdentifier" : "Avenue App Bundle ID",
	"WND.RestoreKitVersion" : "Restore Kit Version",
	"WND.BundleUnavailable.Key" : "Content Corrupt",
	"WND.BundleInstallationError.Key" : "Error installing content, please try again.",
	"WND.BundleFetchFailError.Key" : "Content Not Found",
    "WND.StoreFetchFailError.Key" : "Stores Not Found",
    "WND.CountryFetchFailError.Key" : "Countries Not Found",
    "WND.ResponseFetchFail.Key" : "Error Contacting Server",
	"WND.StoreHourFetchFail.Key" : "No Store Hours Found",
	"WND.StoreHourFetchFailError.Key" : "Confirm that your store's hours have been configured.",
	"WND.PricingFetchFail.Key" : "Pricing Not Found",
	"WND.PricingFetchFailError.Key" : "Please contact the helpline.",
	"WND.StatusFetchFail.Key" : "Content Update Check Failed",
    "WND.ConfigFetchFail.Key" : "Configuration Not Found",
    "WND.ResponseTypeError.Key" : "Server Error",
	"WND.ConfirmReconfigure.Title" : "Are you sure you want to reconfigure this device?",
	"WND.Configure.Title" : "Configuration",
	"WND.ContentBundle.Key" : "Sync to iPlano",
	"WND.Countries.Title" : "Countries",
    "WND.VideoInstallDate" : "Video Install Date",
    "WND.VideoUpdateDate" : "Video Update Date",
	"WND.SideLoad.Title" : "Load From Mac",
	"WND.SideLoad.Local.Title" : "Local",
	"WND.SideLoad.Local.Help" : "This screen allows you to bootstrap the client using already cached bundles. Choose a bundle from the list below to load it. If there are no bundles available then go back and choose a different bootstrap method.",
	"WND.SideLoad.Remote.Title" : "Remote",
	"WND.SideLoad.Remote.Help" : "This screen allows you to configure the client to load content directly from a web server. In this mode the client will not download the content. The web server must be accessible from this device and must remain running for the client to work.",
	"WND.SideLoad.USB.Done" : "Transfer completed. Loading from %@ - %@",
	"WND.SideLoad.USB.Title" : "Lightning",
	"WND.SideLoad.USB.Help1" : "This screen allows you to securely load content from a paired OS X system.",
	"WND.SideLoad.USB.Help2" : "Select this device in the Mac application and choose a content bundle to load. Click 'Update' in the Mac app to complete the transfer.",
	"WND.SideLoad.USB.TransferStatus.Start" : "Waiting for the transfer to start",
	"WND.SideLoad.USB.TransferStatus.InProgress" : "Waiting for the transfer to complete : %ld%%",
	"WND.SideLoad.HubAndSpokeTest.Title" : "Hub And Spoke Test",
	"WND.SideLoad.Section.Bootstrap.Title" : "Load Content without an Internet Connection",
	"WND.SideLoad.Section.Remote.Title" : "View content hosted remotely",
	"WND.SideLoad.Section.HubAndSpokeTest.Title" : "Testing",
	"WND.SideLoad.Remote.NoBootstrapPath" : "Content Corrupt",
	"WND.Edit.Title" : "Edit",
	"WND.Add.Title" : "Add",
	"WND.Done.Title" : "Done",
	"WND.Back.Title" : "Back",
	"WND.AppVersion" : "App version",
	"WND.ContentVersion" : "Content version",
	"WND.ContentUpdated" : "Content updated",
	"WND.ContentInstallDate" : "Install date",
	"WND.ContentLastCheckDate" : "Last update check",
	"WND.CheckInLastDate" : "Last checked in",
	"WND.ContentLocale" : "Content locale",
	"WND.ReleaseNotes" : "Release notes",
	"WND.BatteryCharge" : "Battery charge",
	"WND.TimeRemaining" : "Time remaining",
	"WND.BatteryHealth" : "Battery health",
	"WND.ChooseNetwork" : "Choose network",
    "WND.WifiNetwork" : "Wi-Fi network",
	"WND.NetworkStatus" : "Network status",
	"WND.ConnectedToServer" : "Connected to server",
	"WND.OSVersion" : "OS version",
	"WND.Locale" : "Locale",
	"WND.LocationServices" : "Location services",
	"WND.NotificationServices" : "Notification services",
	"WND.Notifications" : "Notifications",
	"WND.RemoteLogging" : "Remote logging",
	"WND.SerialNumber" : "Serial number",
	"WND.DockID" : "Dock ID",
    "WND.UpTime" : "Up Time",
	"WND.Timezone" : "Time zone",
	"WND.Version" : "Version",
	"WND.TroubleshootingInfo" : "Troubleshooting info",
	"WND.ConnectionStatus" : "Connection status",
	"WND.Troubleshoot.Title" : "Troubleshooting",
	"WND.Troubleshooting.Content.Title" : "Content",
	"WND.Troubleshooting.Recover.ClearCache" : "Clear cache",
	"WND.Troubleshooting.Recover.Logout" : "Logout",
	"WND.Troubleshooting.Recover.ForceStatusCheck" : "Force Content Update",
    "WND.Troubleshooting.Recover.ContentRefresh" : "Force Content Refresh",
	"WND.Troubleshooting.Recover.Freeze" : "Lock device",
	"WND.Troubleshooting.Recover.Unfreeze" : "Unlock device",
    "WND.QuickView.Content.Title" : "Content",
	"WND.ConnectionStatus.Connected" : "Connected",
	"WND.ConnectionStatus.NotConnected" : "Not connected",
	"WND.ConnectionStatus.Unknown" : "Unknown",
	"WND.HRS" : "hrs",
	"WND.RegionAndLanguage" : "Region and language",
	"WND.Health.Title" : "Health",
	"WND.About.Title" : "About",
	"WND.ConfigureAlert.Title" : "Navigate to Settings?",
	"WND.ConfigureAlert.Message" : "Tapping 'OK' will navigate to the settings app to allow you to reconfigure settings.",
    "WND.OK.Key" : "OK",
    "WND.Cancel.Key" : "Cancel",
    "WND.quiethours.message" : "Tap to turn ON the screen",
	"WND.Admin.MustChooseStore.Title" : "Please Choose Store",
	"WND.Admin.MustChooseStore.Message" : "You must choose a store to continue.",
	"WND.QV.Title" : "Quick View",
	"WND.QV.InstalledOn.Title" : "Installed %@",
	"WND.None" : "None",
	"WND.QV.Version.Title" : "Version %@",
	"WND.ReceivingFile" : "Downloading file...",
	"WND.Complete" : "Complete!",
	"WND.Confirm" : "Confirm",
	"WND.Retry" : "Retry",
	"WND.DeviceState" : "Device state",
	"WND.DeviceState.Thawed" : "Unlocked",
	"WND.DeviceState.Frozen" : "Locked",
    "WND.AdminOverrideMode" : "Roam",
    "WND.AdminOverrideMode.On" : "Disabled",
    "WND.AdminOverrideMode.Off" : "Enabled",
	"WND.AlreadyUnfrozen.Message" : "Device is already unlocked.",
	"WND.AlreadyFrozen.Message" : "Device is already locked.",
	"WNDAdminDetail.Countries.Title" : "Countries",
    "WND.DownloadInProgress.Error" : "Download in progress, please wait.",
    "WND.RegionAndLanguage.ca_ES" : "Spain - Catalan",
    "WND.RegionAndLanguage.de_CH" : "Switzerland - German",
    "WND.RegionAndLanguage.de_DE" : "Germany - German",
    "WND.RegionAndLanguage.en_US" : "United States - English",
    "WND.RegionAndLanguage.en_CA" : "Canada - English",
    "WND.RegionAndLanguage.en_AU" : "Australia - English",
    "WND.RegionAndLanguage.en_SG" : "Singapore - English",
    "WND.RegionAndLanguage.en_GB" : "United Kingdom - English",
    "WND.RegionAndLanguage.en_HK" : "HongKong - English",
    "WND.RegionAndLanguage.en_MO" : "Macau - English",
    "WND.RegionAndLanguage.es_ES" : "Spain - Spanish",
    "WND.RegionAndLanguage.es_MX" : "Mexico - Spanish",
    "WND.RegionAndLanguage.fr_CA" : "Canada - French",
    "WND.RegionAndLanguage.fr_CH" : "Switzerland - French",
    "WND.RegionAndLanguage.fr_FR" : "France - French",
    "WND.RegionAndLanguage.it_IT" : "Italy - Italian",
    "WND.RegionAndLanguage.ja_JP" : "Japan - Japanese",
    "WND.RegionAndLanguage.ko_KR" : "Korea - Korean",
    "WND.RegionAndLanguage.zh_CN" : "China - Chinese",
    "WND.RegionAndLanguage.zh_HK" : "HongKong - Chinese",
    "WND.RegionAndLanguage.zh_TW" : "Taiwan - Chinese",
	"WND.RegionAndLanguage.nl_BE" : "Belgium - Dutch",
	"WND.RegionAndLanguage.fr_BE" : "Belgium - French",
	"WND.RegionAndLanguage.en_AE" : "United Arab Emirates - English",
	"WND.RegionAndLanguage.ar_AE" : "United Arab Emirates - Arabic",
	"WND.Troubleshooting.Application.Title" : "Application",
	"WND.ConnectedToNetwork" : "Connected to network",
	"WND.Planogram.Title" : "Planogram",
	"WND.Planogram.HeroProduct" : "Hero Product:",
	"WND.Planogram.Accessories" : "Accessories:",
	"WND.Planogram.ManualEntry" : "Having trouble? Try entering code manually",
	"WND.Planogram.PlanogramID" : "Location ID",
	"WND.Planogram.Error.Fetch.Title" : "Planogram fetch failed",
	"WND.Planogram.Error.Fetch.Message" : "Failed to fetch planogram details. Please try again.",
	"WND.Planogram.Sync.Instructions" : "Hold Planogram Device Nearby",
	"WND.Planogram.Sync.ReceivedID" : "Received Planogram ID",
    "WND.Planogram.Invalid.ID.Error" : "Please use valid Planogram ID",
	"WND.Planogram.Manual.Title" : "Location ID",
	"WND.Planogram.Manual.Description" : "Enter the Location ID for the product.",
	"WND.Reconfiguration.Locked" : "Reconfiguring the device is disabled when the device is locked. Please unlock the device and try again.",
	"WND.Troubleshooting.AdminOverrideMode.Disable" : "Enable Roam",
	"WND.Troubleshooting.AdminOverrideMode.Enable" : "Disable Roam",
	"WND.Troubleshooting.DockNotConnected.iPlano.Error.Message" : "Please connect a dock or a lightning cable to Sync to iPlano. Try reconnecting or replacing if there is already one connected.",
	"WND.Troubleshooting.DockNotConnected.Register.Error.Message" : "Please connect a dock or a lightning cable to proceed. Try reconnecting or replacing if there is already one connected.",
	"WND.AreYouSure.DisableAdminOverrideMode" : "This action will disable admin override mode and the device will lock if a whitelisted Wi-Fi network is not available or beacons aren't discoverable. Are you sure you want to do that?",
	"WND.AreYouSure.EnableAdminOverrideMode" : "This action will enable admin override mode and the device will *not* lock if a whitelisted Wi-Fi network is not available and beacons aren't discoverable. Are you sure you want to do that?",
	"WND.Troubleshooting.ToggleAdminOverrideMode.Error" : "Failed to toggle admin override mode. Please try again.",
    "WND.LockScreenMessage" : "Please return to\nApple %@",
	"WND.LockScreenTrackingMessage" : "This device has been disabled and is being tracked. Local authorities will be alerted.",
    "WND.LockScreenMessage.NoStore" : "Please return to the\nApple Store",
	"WND.DeviceDock" : "Device Dock",
    "SERVER_FALLBACK_ERROR" : "Error communicating with server, please contact the helpline.",
    "DS_ERROR" : "You are not authorized to log in to this app, please contact the helpline.",
    "SIGN_CORE_AUTH_CREDENTIALS_NOT_AVAILABLE" : "You are not authorized to log in to this app, please contact the helpline.",
    "INVALID_SIGN_CORE_TOKEN" : "Security Token expired, please log in again to continue using this device.",
    "SIGNCORE_TOKEN_EXPIRED" : "Security Token expired, please log in again to continue using this device.",
    "INVALID_ACCESS_KEY" : "Error communicating with server, please contact the helpline.",
    "ACCESS_KEY_EXPIRED" : "Security Token expired, please log in again to continue using this device.",
    "INVALID_DEVICE_ID" : "Error communicating with server, please contact the helpline.",
    "UNAUTHORIZED_VIEW_CONTENT_AIRLOCK" : "You are not authorized to use airlock for content preview, please contact the helpline.",
    "UNAUTHORIZED_SIGN_CORE_ACCESS" : "Security Token expired, please log in again to continue using this device.",
    "INTERNAL_ERROR" : "Error communicating with server, please contact the helpline.",
    "CLIENT_LATEST_APP_VERSION_NOT_FOUND" : "Please contact the helpline.",
    "STORE_NOT_FOUND_FOR_COUNTRY" : "Stores Not Found",
    "PRODUCT_CATALOG_NOT_FOUND" : "Content Not Found",
    "NO_LAT_LONG" : "GPS information is not available at this location.",
    "NO_VALID_STORES" : "You are not authorized to log in to this app, please contact the helpline.",
    "STORE_HOURS_NOT_FOUND" : "Confirm that your store hours have been configured.",
    "ERROR_FETCHING_STORE_HOURS" : "Error communicating with server, please contact the helpline.",
    "ASSET_SERVICE_NOT_FOUND" : "Error communicating with server, please contact the helpline.",
    "CACHE_SERVICE_NOT_FOUND" : "Error communicating with server, please contact the helpline.",
    "ASSET_NOT_FOUND_ERROR" : "Error communicating with server, please contact the helpline.",
    "TRANSLATIONS_NOT_FOUND_ERROR" : "No translations found for your country, please contact the helpline.",
    "TRANSLATIONS_NOT_FOUND" : "No translations found for your country, please contact the helpline.",
    "PRODUCT_CATALOG_ID_NOT_FOUND" : "Content Not Found",
    "PRODUCT_CATALOG_PRICE_ID_NOT_FOUND" : "Pricing data not available for this store, contact the helpline",
    "PRODUCT_CATALOG_TIMEZONE_NOT_FOUND" : "Content Not Found",
    "ERROR_FETCHING_PRODUCT_CATALOG" : "Content Not Found",
    "ERROR_FETCHING_PRICE" : "Pricing data is not available for this store, please contact the helpline",
    "ASSORTMENT_NOT_FOUND" : "Pricing data is not available for this store, please contact the helpline",
    "PRICE_DATA_MISMATCH" : "Pricing data is not available for this store, please contact the helpline",
    "PRICE_DATA_NOT_FOUND" : "Pricing data is not available for this store, please contact the helpline",
    "PRICE_DATA_INVALID" : "Pricing data is not available for this store, please contact the helpline",
    "DEVICE_ID_NOT_FOUND" : "Error communicating with server, please contact the helpline.",
    "ERROR_UPDATING_DEVICE_DETAIL" : "Error communicating with server, please contact the helpline.",
    "DEVICE_LOCALE_INVALID_ERROR" : "Error communicating with server, please contact the helpline.",
    "DEVICE_ID_NOT_FOUND_ERROR" : "Error communicating with server, please contact the helpline.",
    "GIZMO_UPTIME_NOT_FOUND_ERROR" : "Error communicating with server, please contact the helpline.",
    "GIZMO_UPTIME_FETCH_ERROR" : "Error communicating with server, please contact the helpline.",
    "DEVICE_SERIAL_NUMBER_NOT_FOUND" : "Error communicating with server, please contact the helpline.",
    "DEVICE_SERIAL_NUMBER_NOT_FOUND_ERROR" : "Error communicating with server, please contact the helpline.",
    "DEVICE_DETAILS_NOT_FOUND_ERROR" : "Error communicating with server, please contact the helpline.",
    "DEVICE_DETAILS_NOT_FOUND" : "Error communicating with server, please contact the helpline.",
    "CLIENT_APP_CONFIG_NOT_FOUND" : "Configuration data for this version was not found, please contact the helpline.",
    "ERROR_FETCHING_CLIENT_APP_CONFIG" : "Configuration data for this version was not found, please contact the helpline.",
    "CLIENT_CONFIG_NOT_FOUND" : "Configuration data for this version was not found, please contact the helpline.",
    "ERROR_REGISTERING_CLIENT" : "Error communicating with server, please contact the helpline.",
    "ERROR_FETCHING_CLIENT_STATUS" : "Content Update Check Failed",
    "ERROR_UPDATING_CLIENT_STATUS" : "Content Update Check Failed",
    "ERROR_REDOCKING_DEMO_DEVICE_TO_AVENUE_DOCK" : "Error Redocking demo to avenue dock",
    "ERROR_REDOCKING_AVENUE_DEVICE_TO_DEMO_DOCK" : "Error Redocking avenue to demo dock",
    "ROLES_NOT_FOUND" : "Error communicating with server, please contact the helpline.",
    "ERROR_FETCHING_ROLES" : "Error communicating with server, please contact the helpline.",
    "API_NOT_SUPPORTED" : "Error communicating with server, please contact the helpline.",
    "NO_STORE_FOR_COUNTRY" : "Stores Not Found",
    "ERROR_READING_FUTURE_RESPONSE" : "Error communicating with server, please contact the helpline.",
    "ERROR_STORING_HEALTH_DETAIL" : "Error communicating with server, please contact the helpline.",
    "PN_STORE_HOURS_NOT_FOUND" : "Confirm that your store hours have been configured.",
    "URL_SCHEME_CONTENT_INVALID" : "Error communicating with server, please contact the helpline.",
    "CONTENT_METADATA_ERROR" : "Error communicating with server, please contact the helpline.",
    "DS_MEMBER_NOT_PART_GROUPS" : "You are not authorized to log in to this app, please contact the helpline.",
    "DS_GROUP_FETCH_ERROR" : "You are not authorized to log in to this app, please contact the helpline.",
    "DSGROUP_CACHE_FATAL_ERROR" : "You are not authorized to log in to this app, please contact the helpline.",
    "CHANNEL_STORE_CACHE_FATAL_ERROR" : "Error communicating with server, please contact the helpline.",
    "RETAIL_STORE_CACHE_FATAL_ERROR" : "Error communicating with server, please contact the helpline.",
	"PRICING_MISSING_PARTS_ERROR" : "Pricing data not available for this store, please contact the helpline.",
	"PRICING_MISSING_PRICES_ERROR" : "Pricing data not available for this store, please contact the helpline.",
    "PRICING_MISSING_DISPLAY_PRICES_ERROR" : "Pricing data corrupted for this store, please contact the helpline.",
    "PRICING_MISSING_NICENAME_ERROR" : "Pricing data corrupted for this store, please contact the helpline.",
    "PRICING_MISSING_CURRENCY_ERROR" : "Pricing data corrupted for this store, please contact the helpline.",
	"PLANO_DETAILS_NOT_FOUND" : "Planogram details missing for this ID, please check that the planogram ID is correct.",
	"NO_PRODUCT_CATALOG_FOUND_FOR_PLANO_HERO_PARTNUMBER" : "Planogram and content mismatch, please contact the helpline.",
	"ERROR_UPDATING_DEVICE_CHECKIN" : "Error communicating with server, please contact the helpline.",
	"ERROR_REGISTERING_THEFT_REPORTED_CLIENT" : "The device has been reported and cannot be reconfigured, please return to warehouse.",
	"WND.SignIn.Title" : "Sign-In",
	"WND.DependencyVersions" : "Dependency Versions",
	"WND.Keychain.DeviceIdentification" : "Device Identification",
	"WND.Mac.AppleConnect.Title" : "Sign In to Pricing",
	"WND.Mac.AppleConnect.Description" : "Pricing uses AppleConnect to authorize users.",
	"WND.Mac.AppleConnect.LoginCancelled" : "Login cancelled",
	"WND.Mac.AppleConnect.LoginRequired" : "You need to sign in to use the app.",
	"WND.Mac.QuietHours.Message" : "Click or move the mouse to turn ON the screen"
}
